{
  "total": 24,
  "notification": 1,
  "meals": [
    {
      "id": 1,
      "name": "oatmeal",
      "image": "/Imagine/images/m01.jpg",
      "url": "",
      "date": "2023-05-21",
      "period": "Morning"
    },
    {
      "id": 2,
      "name": "sandwich",
      "image": "/Imagine/images/l03.jpg",
      "url": "",
      "date": "2023-05-21",
      "period": "Lunch"
    },
    {
      "id": 3,
      "name": "chicken",
      "image": "/Imagine/images/d01.jpg",
      "url": "",
      "date": "2023-05-21",
      "period": "Dinner"
    },
    {
      "id": 4,
      "name": "chicken",
      "image": "/Imagine/images/l01.jpg",
      "url": "",
      "date": "2023-05-21",
      "period": "Snack"
    },
    {
      "id": 5,
      "name": "oatmeal",
      "image": "/Imagine/images/column-1.jpg",
      "url": "",
      "date": "2023-05-20",
      "period": "Morning"
    },
    {
      "id": 6,
      "name": "sandwich",
      "image": "/Imagine/images/l02.jpg",
      "url": "",
      "date": "2023-05-20",
      "period": "Lunch"
    },
    {
      "id": 7,
      "name": "chicken",
      "image": "/Imagine/images/d02.jpg",
      "url": "",
      "period": "Dinner"
    },
    {
      "id": 8,
      "name": "chicken",
      "image": "/Imagine/images/s01.jpg",
      "url": "",
      "period": "Snack"
    }
  ]
}
