{
  "chart": {
    "year": {
      "labels": [
        "6月",
        "7月",
        "8月",
        "9月",
        "10月",
        "11月",
        "12月",
        "1月",
        "2月",
        "3月",
        "5月"
      ],
      "datasets": [
        {
          "label": "Dataset 1",
          "data": [1000, 750, 700, 600, 800, 600, 500, 300, 200, 400, 500, 800],
          "borderColor": "#FFCC21",
          "backgroundColor": "rgba(255, 99, 132, 0.5)"
        },
        {
          "label": "Dataset 2",
          "data": [1000, 800, 800, 600, 650, 500, 450, 300, 250, 100, 80, 10],
          "borderColor": "#8FE9D0",
          "backgroundColor": "rgba(53, 162, 235, 0.5)"
        }
      ]
    },
    "month": {
      "labels": [
        "6日",
        "7日",
        "8日",
        "9日",
        "10日",
        "11日",
        "12日",
        "13日",
        "14日",
        "15日",
        "16日",
        "17日",
        "18日",
        "19日",
        "20日",
        "21日",
        "22日",
        "23日",
        "24日",
        "25日",
        "26日",
        "27日",
        "28日",
        "29日",
        "30日",
        "1日",
        "2日",
        "3日",
        "4日",
        "5日"
      ],
      "datasets": [
        {
          "label": "Dataset 1",
          "data": [
            1000, 900, 700, 900, 800, 600, 500, 300, 200, 400, 800, 600, 650,
            500, 450, 300, 250, 100, 80, 10, 1000, 800, 800, 600, 650, 250, 100,
            80, 10, 1000, 800
          ],
          "borderColor": "#FFCC21",
          "backgroundColor": "rgba(255, 99, 132, 0.5)"
        },
        {
          "label": "Dataset 2",
          "data": [
            1000, 800, 800, 600, 650, 500, 450, 300, 250, 100, 80, 10, 1000,
            800, 800, 600, 650, 500, 450, 300, 250, 100, 80, 10, 800, 600, 500,
            300, 200, 400, 800, 600
          ],
          "borderColor": "#8FE9D0",
          "backgroundColor": "rgba(53, 162, 235, 0.5)"
        }
      ]
    },
    "day": {
      "labels": [
        "1時",
        "2時",
        "3時",
        "4時",
        "5時",
        "6時",
        "7時",
        "8時",
        "9時",
        "10時",
        "11時",
        "12時",
        "13時",
        "14時",
        "15時",
        "16時",
        "17時",
        "18時",
        "19時",
        "20時",
        "21時",
        "22時",
        "23時",
        "24時"
      ],
      "datasets": [
        {
          "label": "Dataset 1",
          "data": [
            0, 0, 0, 0, 0, 0, 0, 0, 1000, 900, 700, 900, 800, 600, 500, 0, 0, 0,
            0, 0, 0, 0, 0
          ],
          "borderColor": "#FFCC21",
          "backgroundColor": "rgba(255, 99, 132, 0.5)"
        },
        {
          "label": "Dataset 2",
          "data": [
            0, 0, 0, 0, 0, 0, 0, 0, 1000, 900, 700, 900, 800, 600, 500, 0, 0, 0,
            0, 0, 0, 0, 0
          ],
          "borderColor": "#8FE9D0",
          "backgroundColor": "rgba(53, 162, 235, 0.5)"
        }
      ]
    },
    "week": {
      "labels": [
        "月曜日",
        "火曜日",
        "水曜日",
        "木曜日",
        "金曜日",
        "土曜日",
        "日曜日"
      ],
      "datasets": [
        {
          "label": "Dataset 1",
          "data": [1000, 900, 700, 900, 800, 600, 500],
          "borderColor": "#FFCC21",
          "backgroundColor": "rgba(255, 99, 132, 0.5)"
        },
        {
          "label": "Dataset 2",
          "data": [1000, 800, 800, 600, 650, 500, 450],
          "borderColor": "#8FE9D0",
          "backgroundColor": "rgba(53, 162, 235, 0.5)"
        }
      ]
    }
  },
  "excerciseRecord": {
    "date": "2021.05.21",
    "activities": [
      {
        "activity": "家事全般（立位・軽い）",
        "consume": "26kcal",
        "duration": "10 min"
      },
      {
        "activity": "家事全般（立位・軽い）",
        "consume": "26kcal",
        "duration": "10 min"
      },
      {
        "activity": "家事全般（立位・軽い）",
        "consume": "26kcal",
        "duration": "10 min"
      },
      {
        "activity": "家事全般（立位・軽い）",
        "consume": "26kcal",
        "duration": "10 min"
      },
      {
        "activity": "家事全般（立位・軽い）",
        "consume": "26kcal",
        "duration": "10 min"
      },
      {
        "activity": "家事全般（立位・軽い）",
        "consume": "26kcal",
        "duration": "10 min"
      },
      {
        "activity": "家事全般（立位・軽い）",
        "consume": "26kcal",
        "duration": "10 min"
      },
      {
        "activity": "家事全般（立位・軽い）",
        "consume": "26kcal",
        "duration": "10 min"
      },
      {
        "activity": "家事全般（立位・軽い）",
        "consume": "26kcal",
        "duration": "10 min"
      },
      {
        "activity": "家事全般（立位・軽い）",
        "consume": "26kcal",
        "duration": "10 min"
      },
      {
        "activity": "家事全般（立位・軽い）",
        "consume": "26kcal",
        "duration": "10 min"
      },
      {
        "activity": "家事全般（立位・軽い）",
        "consume": "26kcal",
        "duration": "10 min"
      },
      {
        "activity": "家事全般（立位・軽い）",
        "consume": "26kcal",
        "duration": "10 min"
      },
      {
        "activity": "家事全般（立位・軽い）",
        "consume": "26kcal",
        "duration": "10 min"
      },
      {
        "activity": "家事全般（立位・軽い）",
        "consume": "26kcal",
        "duration": "10 min"
      },
      {
        "activity": "家事全般（立位・軽い）",
        "consume": "26kcal",
        "duration": "10 min"
      },
      {
        "activity": "家事全般（立位・軽い）",
        "consume": "26kcal",
        "duration": "10 min"
      },
      {
        "activity": "家事全般（立位・軽い）",
        "consume": "26kcal",
        "duration": "10 min"
      },
      {
        "activity": "家事全般（立位・軽い）",
        "consume": "26kcal",
        "duration": "10 min"
      }
    ]
  },
  "diaryRecord":{
    "total":16,
    "diaryRecordList":[
      {
        "date": "2021.05.21",
        "time": "23:25",
        "text": "私の日記の記録が一部表示されます。<br/>テキストテキストテキストテキストテキストテキストテキストテキストテキストテキストテキストテキストテキストテキストテキストテキストテキストテキスト…"
      },
      {
        "date": "2021.05.21",
        "time": "23:25",
        "text": "私の日記の記録が一部表示されます。<br/>テキストテキストテキストテキストテキストテキストテキストテキストテキストテキストテキストテキストテキストテキストテキストテキストテキストテキスト…"
      },
      {
        "date": "2021.05.21",
        "time": "23:25",
        "text": "私の日記の記録が一部表示されます。<br/>テキストテキストテキストテキストテキストテキストテキストテキストテキストテキストテキストテキストテキストテキストテキストテキストテキストテキスト…"
      },
      {
        "date": "2021.05.21",
        "time": "23:25",
        "text": "私の日記の記録が一部表示されます。<br/>テキストテキストテキストテキストテキストテキストテキストテキストテキストテキストテキストテキストテキストテキストテキストテキストテキストテキスト…"
      },
      {
        "date": "2021.05.21",
        "time": "23:25",
        "text": "私の日記の記録が一部表示されます。<br/>テキストテキストテキストテキストテキストテキストテキストテキストテキストテキストテキストテキストテキストテキストテキストテキストテキストテキスト…"
      },
      {
        "date": "2021.05.21",
        "time": "23:25",
        "text": "私の日記の記録が一部表示されます。<br/>テキストテキストテキストテキストテキストテキストテキストテキストテキストテキストテキストテキストテキストテキストテキストテキストテキストテキスト…"
      },
      {
        "date": "2021.05.21",
        "time": "23:25",
        "text": "私の日記の記録が一部表示されます。<br/>テキストテキストテキストテキストテキストテキストテキストテキストテキストテキストテキストテキストテキストテキストテキストテキストテキストテキスト…"
      },
      {
        "date": "2021.05.21",
        "time": "23:25",
        "text": "私の日記の記録が一部表示されます。<br/>テキストテキストテキストテキストテキストテキストテキストテキストテキストテキストテキストテキストテキストテキストテキストテキストテキストテキスト…"
      }
      
    ]
  }
}
