{
  "total": 24,
  "columnList": [
    {
      "date": "2021.05.17",
      "time": "23:25",
      "text": "魚を食べて頭もカラダも元気に！知っておきたい魚を食べるメリ…",
      "url": "",
      "supplements": ["魚料理", "和食", "DHA"],
      "image": "/Imagine/images/column-1.jpg"
    },
    {
      "date": "2021.05.17",
      "time": "23:25",
      "text": "魚を食べて頭もカラダも元気に！知っておきたい魚を食べるメリ…",
      "url": "",
      "supplements": ["魚料理", "和食", "DHA"],
      "image": "/Imagine/images/column-2.jpg"
    },
    {
      "date": "2021.05.17",
      "time": "23:25",
      "text": "魚を食べて頭もカラダも元気に！知っておきたい魚を食べるメリ…",
      "url": "",
      "supplements": ["魚料理", "和食", "DHA"],
      "image": "/Imagine/images/column-3.jpg"
    },
    {
      "date": "2021.05.17",
      "time": "23:25",
      "text": "魚を食べて頭もカラダも元気に！知っておきたい魚を食べるメリ…",
      "url": "",
      "supplements": ["魚料理", "和食", "DHA"],
      "image": "/Imagine/images/column-4.jpg"
    },
    {
      "date": "2021.05.17",
      "time": "23:25",
      "text": "魚を食べて頭もカラダも元気に！知っておきたい魚を食べるメリ…",
      "url": "",
      "supplements": ["魚料理", "和食", "DHA"],
      "image": "/Imagine/images/column-5.jpg"
    },
    {
      "date": "2021.05.17",
      "time": "23:25",
      "text": "魚を食べて頭もカラダも元気に！知っておきたい魚を食べるメリ…",
      "url": "",
      "supplements": ["魚料理", "和食", "DHA"],
      "image": "/Imagine/images/column-6.jpg"
    },
    {
      "date": "2021.05.17",
      "time": "23:25",
      "text": "魚を食べて頭もカラダも元気に！知っておきたい魚を食べるメリ…",
      "url": "",
      "supplements": ["魚料理", "和食", "DHA"],
      "image": "/Imagine/images/column-7.jpg"
    },
    {
      "date": "2021.05.17",
      "time": "23:25",
      "text": "魚を食べて頭もカラダも元気に！知っておきたい魚を食べるメリ…",
      "url": "",
      "supplements": ["魚料理", "和食", "DHA"],
      "image": "/Imagine/images/column-8.jpg"
    }
  ]
}
